Название,Автор,Цена,Рейтинг
Гордость и предубеждение,Остен Джейн,1 120,Нет рейтинга
Женщина в белом,Коллинз Уилки,1 518,Нет рейтинга
Лунный камень,Коллинз Уилки,1 394,Нет рейтинга
Крошка Доррит. Комплект из 2-х книг. Бедность. Богатство,Диккенс Чарльз,2 174,Нет рейтинга
Крошка Доррит. Комплект из 2-х книг. Бедность. Богатство,Диккенс Чарльз,2 174,Нет рейтинга
Эмма,Остен Джейн,1 294,Нет рейтинга
Сердца трех,Лондон Джек,1 087,Нет рейтинга
Чувство и чувствительность,Остен Джейн,1 012,Нет рейтинга
Джейн Эйр,Бронте Шарлотта,1 087,Нет рейтинга
Бегущая по волнам,Грин Александр Степанович,813,Нет рейтинга
